Model,R2,MSE,MAE
RandomForest (Full),0.938418,1.09331,0.427362
RandomForest (Selected),0.808744,3.39548,0.764524
SVR (Full),0.962272,0.669801,0.428768
SVR (Selected),0.786117,3.79718,0.793537
XGBoost (Full),0.95132,0.86424,0.507642
XGBoost (Selected),0.826873,3.07362,0.755049
